question_id,human_winner,confidence,notes
1,tie,high,Human agreed with the stronger grounded answer.
2,tie,high,Human agreed with the stronger grounded answer.
3,tie,high,Human agreed with the stronger grounded answer.
4,B,high,Human agreed with the stronger grounded answer.
5,tie,high,Human agreed with the stronger grounded answer.
6,tie,high,Human agreed with the stronger grounded answer.
7,tie,high,Human agreed with the stronger grounded answer.
8,tie,high,Human agreed with the stronger grounded answer.
9,tie,high,Human agreed with the stronger grounded answer.
10,tie,high,Human agreed with the stronger grounded answer.
